Churn,customerID
No,5575-GNVDE
Yes,3668-QPYBK
No,7795-CFOCW
No,1452-KIOVK
No,6388-TABGU
No,9763-GRSKD
No,7469-LKBCI
No,8091-TTVAX
Yes,0280-XJGEX
No,5129-JLPIS
No,9959-WOFKT
Yes,8779-QRDMV
No,1680-VDCWW
Yes,1066-JKSGK
No,6322-HRPFA
Yes,6467-CHFZW
Yes,8665-UTDHZ
No,5248-YGIJN
No,4929-XIHVW
No,7310-EGVHZ
No,3413-BMNZE
Yes,6047-YHPVI
Yes,5380-WJKOV
No,8865-TNMNX
No,5948-UJZLF
No,7639-LIAYI
Yes,1658-BYGOY
No,5067-XJQFU
No,1215-FIGMP
No,0526-SXDJP
No,8627-ZYGSZ
No,7410-OIEDU
No,2273-QCKXA
No,1891-QRQSA
No,8028-PNXHQ
No,0191-ZHSKZ
No,4445-ZJNMU
No,3016-KSVCP
No,4767-HZZHQ
No,2424-WVHPL
No,7233-PAHHL
No,9848-JQJTX
No,9803-FTJCG
Yes,0278-YXOOG
No,3212-KXOCR
No,6380-ARCEH
No,7123-WQUHX
Yes,3192-NQECA
No,6180-YBIQI
No,8597-CWYHH
No,2848-YXSMW
Yes,0486-HECZI
No,3071-VBYPO
No,9445-ZUEQE
Yes,0404-SWRVG
No,4622-YNKIJ
No,6734-PSBAW
No,3930-ZGWVE
No,2639-UGMAZ
No,8587-XYZSF
Yes,3091-FYHKI
Yes,2372-HWUHI
No,6217-KDYWC
No,2636-SJDOU
No,1131-QQZEB
No,6837-BJYDQ
Yes,2135-RXIHG
No,6440-DKQGE
No,3466-BYAVD
Yes,3874-EQOEP
No,9073-ZZIAY
No,2749-CTKAJ
No,6371-NZYEG
No,7554-NEWDD
No,4648-YPBTM
No,6345-FZOQH
No,5997-OPVFA
Yes,3445-HXXGF
No,7654-YWJUF
No,6727-IOTLZ
No,3712-PKXZA
Yes,9367-WXLCH
No,5524-KHNJP
No,4827-USJHP
No,8167-GJLRN
No,7100-FQPRV
Yes,2472-OVKUP
No,2146-EGVDT
No,9178-JHUVJ
No,6168-YBYNP
No,7255-SSFBC
No,3645-DEYGF
No,3363-DTIVD
No,7018-WBJNK
No,9142-KZXOP
No,6348-SNFUS
Yes,1285-OKIPP
No,1347-KTTTA
Yes,7841-TZDMQ
No,7157-SMCFK
No,2504-DSHIH
No,9286-BHDQG
No,0230-WEQUW
No,2040-LDIWQ
No,6469-MRVET
Yes,0742-MOABM
No,6778-JFCMK
No,4811-JBUVU
No,2651-ZCBXV
No,3316-UWXUY
Yes,8937-RDTHP
Yes,1251-KRREG
No,9903-LYSAB
No,9227-UAQFT
No,6614-FHDBO
No,0221-WMXNQ
No,0303-UNCIP
Yes,9947-OTFQU
Yes,0322-YINQP
No,0959-WHOKV
Yes,9514-JDSKI
No,3282-ZISZV
No,3675-YDUPJ
No,6655-LHBYW
Yes,7273-TEFQD
Yes,3606-TWKGI
No,7529-ZDFXI
No,6292-TOSSS
Yes,6323-AYBRX
No,7633-MVPUY
Yes,6366-ZGQGL
No,4716-HHKQH
Yes,5940-AHUHD
Yes,6432-TWQLB
No,3179-GBRWV
No,8645-KWHJO
Yes,9512-UIBFX
Yes,5583-SXDAG
Yes,3488-PGMQJ
Yes,3580-REOAC
Yes,7534-BFESC
No,3727-OWVYD
No,2294-SALNE
No,8203-XJZRC
No,6851-WEFYX
No,2985-JUUBZ
No,0895-LMRSF
No,8266-VBFQL
No,2240-HSJQD
No,1248-DYXUB
Yes,0265-EDXBD
No,4115-BNPJY
No,3167-SNQPL
No,4091-TVOCN
Yes,7563-BIUPC
No,5027-YOCXN
No,3973-SKMLN
Yes,2840-XANRC
No,6745-JEFZB
No,8705-WZCYL
No,8626-PTQGE
No,2379-GYFLQ
Yes,4322-RCYMT
Yes,1343-EHPYB
No,9639-BUJXT
No,0513-RBGPE
No,5160-UXJED
Yes,0219-YTZUE
No,8984-EYLLL
Yes,9057-MSWCO
No,9833-TGFHX
No,9294-TDIPC
No,0104-PPXDV
No,3583-KRKMD
Yes,1010-DIAUQ
No,9069-LGEUL
No,9571-EDEBV
No,3520-FJGCV
No,6563-VRERX
Yes,0259-GBZSH
No,6122-EFVKN
No,6862-CQUMB
No,6158-HDPXZ
No,5686-CMAWK
Yes,6905-NIQIN
No,8204-YJCLA
Yes,5167-ZFFMM
No,6583-SZVGP
Yes,4895-TMWIR
No,8782-LKFPK
No,5522-JBWMO
No,9774-NRNAU
No,0177-PXBAT
No,2519-ERQOJ
Yes,0979-PHULV
No,5495-GPSRW
No,7606-BPHHN
No,4742-DRORA
No,0111-KLBQG
Yes,7989-CHGTL
Yes,0334-GDDSO
No,5973-EJGDP
No,4686-GEFRM
No,7663-ZTEGJ
No,3935-TBRZZ
No,2806-MLNTI
No,4360-PNRQB
No,2181-UAESM
Yes,2957-LOLHO
No,6048-NJXHX
No,4980-URKXC
No,4376-KFVRS
No,5886-VLQVU
No,3577-AMVUX
No,5168-MSWXT
No,1090-ESELR
No,8847-GEOOQ
No,5149-CUZUJ
No,4237-CLSMM
No,1452-VOQCH
No,4719-UMSIY
Yes,0880-TKATG
Yes,3811-VBYBZ
No,1480-BKXGA
No,2996-XAUVF
No,9076-AXYIK
No,5968-XQIVE
Yes,3583-EKAPL
No,1304-BCCFO
No,4104-PVRPS
Yes,2359-KMGLI
No,3780-DDGSE
Yes,0306-JAELE
No,0486-LGCCH
No,7971-HLVXI
No,3649-JPUGY
Yes,8372-JUXUI
No,3552-CTCYF
No,5756-OZRIO
No,6579-JPICP
Yes,8205-OTCHB
No,4134-BSXLX
No,4374-YMUSQ
No,5736-YEJAX
No,8981-FJGLA
Yes,7218-HKQFK
No,4332-MUOEZ
No,8535-SFUTN
No,2475-MROZF
Yes,9412-GHEEC
No,7531-GQHME
No,5174-ITUMV
No,4109-CYRBD
No,0913-XWSCN
Yes,8397-MVTAZ
No,0750-EBAIU
No,8606-CIQUL
No,3571-DPYUH
No,7601-GNDYK
No,1403-GYAFU
No,4234-XTNEA
No,1297-VQDRP
No,5348-CAGXB
Yes,1342-JPNKI
Yes,2817-NTQDO
No,7129-AZJDE
Yes,6986-IJDHX
No,4676-MQUEA
No,8138-EALND
No,3580-HYCSP
No,2075-PUEPR
Yes,5301-GAUUY
No,1154-HYWWO
No,2501-XWWTZ
No,3716-UVSPD
No,6815-ABQFQ
No,7343-EOBEU
No,3701-SFMUH
No,6103-LIANB
No,7319-VENRZ
No,5846-NEQVZ
No,6967-QIQRV
No,5781-RFZRP
No,7025-WCBNE
Yes,4710-FDUIZ
No,9548-LIGTA
No,5150-LJNSR
No,8270-RKSAP
No,6522-YRBXD
No,2640-LYMOV
No,4568-KNYWR
No,8752-IMQOS
No,0742-LAFQK
No,0795-LAFGP
No,0619-OLYUR
No,5512-IDZEI
No,0459-SPZHJ
No,0215-BQKGS
No,9244-ZVAPM
No,8208-EUMTE
No,5172-MIGPM
No,1710-RCXUS
No,0374-FIUCA
No,5839-SUYVZ
No,5173-ZXXXL
No,2001-MCUUW
No,4723-BEGSG
No,6516-NKQBO
No,8672-OAUPW
No,8207-DMRVL
Yes,6543-CPZMK
No,2804-ETQDK
No,7138-GIRSH
No,6464-KEXXH
No,4881-JVQOD
No,4851-BQDNX
No,5016-IBERQ
Yes,4554-YGZIH
Yes,5099-BAILX
No,1775-KWJKQ
No,7665-VIGUD
No,7954-MLBUN
Yes,4913-EHYUI
Yes,0195-IESCP
No,9574-BOSMD
Yes,0970-ETWGE
Yes,1626-ERCMM
Yes,0887-HJGAR
No,2391-IPLOP
No,3509-GWQGF
No,5845-BZZIB
No,5183-SNMJQ
No,8100-PNJMH
No,7838-LAZFO
Yes,4464-JCOLN
No,2085-JVGAD
No,3030-ZKIWL
No,9565-FLVCG
No,5533-RJFTJ
No,3088-FVYWK
No,9092-GDZKO
Yes,0823-HSCDJ
No,3729-OWRVL
No,5760-IFJOZ
No,2826-UWHIS
Yes,1448-PWKYE
No,4957-TREIR
No,5313-FPXWG
Yes,0067-DKWBL
No,0946-FKYTX
No,5076-YVXCM
No,8262-COGGB
No,6663-JOCQO
No,9620-QJREV
No,0078-XZMHT
Yes,5896-NPFWW
No,9978-HYCIN
No,8338-QIUNR
No,1525-LNLOJ
No,9450-TRJUU
No,1766-GKNMI
No,1456-TWCGB
No,8329-UTMVM
No,3014-WJKSM
No,3347-YJZZE
Yes,1029-QFBEN
No,4312-KFRXN
No,5575-TPIZQ
No,9944-AEXBM
No,6952-OMNWB
No,4697-LUPSU
No,8434-VGEQQ
Yes,1589-AGTLK
Yes,5244-IRFIH
No,6549-YMFAW
No,2753-JMMCV
No,6621-YOBKI
No,1216-JWVUX
No,7595-EHCDL
No,2521-NPUZR
No,1307-TVUFB
Yes,5138-WVKYJ
No,6919-ELBGL
No,6425-JWTDV
No,9477-LGWQI
No,1410-RSCMR
No,3115-CZMZD
Yes,6683-VLCTZ
No,5730-DBDSI
No,4013-GUXND
Yes,7379-POKDZ
No,7969-FFOWG
No,5175-WLYXL
No,7817-OMJNA
No,8728-SKJLR
No,3137-NYQQI
No,7706-DZNKK
Yes,0236-HFWSV
Yes,2037-XJFUP
Yes,7314-OXENN
Yes,0322-CHQRU
No,5676-CFLYY
No,0285-INHLN
No,5125-CNDSP
No,4992-LTJNE
No,0229-LFJAF
No,3442-ZHHCC
No,5173-WXOQV
No,2040-OBMLJ
Yes,3009-JWMPU
No,8859-AXJZP
Yes,3138-BKYAV
No,7382-DFJTU
No,2798-NYLMZ
Yes,4289-DTDKW
Yes,1820-TQVEV
Yes,2239-JALAW
Yes,4853-RULSV
No,3551-GAEGL
No,4785-NKHCX
Yes,0115-TFERT
No,4178-EGMON
No,5318-YKDPV
No,7975-TZMLR
No,0295-QVKPB
Yes,3643-AHCFP
Yes,3104-OWCGK
No,5337-IIWKZ
No,9650-VBUOG
No,4250-WAROZ
No,8184-WMOFI
Yes,6982-SSHFK
No,6092-QZVPP
No,4625-LAMOB
Yes,3027-ZTDHO
No,9778-OGKQZ
No,2252-NKNSI
No,8713-IGZSO
No,8374-UULRV
Yes,2207-NHRJK
No,5275-PMFUT
No,4795-UXVCJ
No,9777-IQHWP
Yes,0947-MUGVO
Yes,4124-MMETB
Yes,3671-SHRSP
No,0979-MOZQI
Yes,3313-QKNKB
No,0323-XWWTN
No,1573-LGXBA
No,1764-VUUMT
No,4713-ZBURT
No,9342-VNIMQ
Yes,9851-KIELU
No,3523-BRGUW
No,4661-NJEUX
No,0048-LUMLS
No,5898-IGSLP
Yes,3804-RVTGV
No,6259-WJQLC
No,0730-KOAVE
No,8975-SKGRX
No,2267-FPIMA
Yes,2719-BDAQO
No,0379-DJQHR
Yes,0781-LKXBR
No,5543-QDCRY
No,0297-RBCSG
Yes,1907-UBQFC
No,3865-YIOTT
No,5993-BQHEA
No,6024-RUGGH
Yes,6513-EECDB
No,4079-WWQQQ
No,7471-WNSUF
No,8942-DBMHZ
No,4301-VVZKA
No,0454-OKRCT
No,5787-KXGIY
No,7567-ECMCM
No,6231-WFGFH
Yes,7028-DVOIQ
No,6169-PPETC
Yes,4208-UFFGW
No,8467-WYNSR
No,5382-SOYZL
Yes,9448-REEVD
No,8388-FYNPZ
No,4002-BQWPQ
No,2826-DXLQO
No,4378-BZYFP
No,9489-UTFKA
Yes,9117-SHLZX
Yes,9889-TMAHG
Yes,4541-RMRLG
No,7764-BDPEE
No,5002-GCQFH
No,0556-FJEGU
Yes,8919-FYFQZ
Yes,2834-JRTUA
Yes,5875-YPQFJ
Yes,6646-QVXLR
No,1106-HRLKZ
Yes,8603-IJWDN
No,3717-OFRTN
No,9046-JBFWA
No,3280-NMUVX
No,7277-KAMWT
No,2545-LXYVJ
No,3234-VKACU
Yes,1989-PRJHP
No,8120-JDCAM
No,7047-YXDMZ
Yes,8818-XYFCQ
No,6419-ZTTLE
No,0929-HYQEW
No,7426-RHZGU
Yes,4695-VADHF
Yes,3863-IUBJR
No,7649-SIJJF
No,3748-FVMZZ
No,3422-WJOYD
No,7147-AYBAA
Yes,4822-RVYBB
Yes,8436-BJUMM
No,1352-VHKAJ
No,1767-CJKBA
No,6445-TNRXS
No,4869-EPIUS
Yes,9948-YPTDG
Yes,1236-WFCDV
Yes,4883-QICIH
No,4026-SKKHW
No,2829-HYVZP
Yes,1271-SJBGZ
Yes,5981-ITEMU
Yes,2074-GKOWZ
Yes,0376-YMCJC
No,6100-FJZDG
No,7143-BQIBA
No,9646-NMHXE
No,7030-NJVDP
Yes,5536-RTPWK
No,8883-GRDWQ
No,7771-ZONAT
Yes,0655-RBDUG
No,2111-DWYHN
No,0301-KOBTQ
No,1751-NCDLI
No,4367-NUYAO
Yes,9878-TNQGW
No,7241-AJHFS
Yes,7029-RPUAV
No,5832-TRLPB
No,8590-YFFQO
No,1338-CECEE
No,7439-DKZTW
Yes,4607-CHPCA
No,9742-XOKTS
No,6921-OZMFH
No,9578-FOMUK
Yes,8824-RWFXJ
No,7722-CVFXN
No,8717-VCTXJ
No,3391-JSQEW
No,0343-QLUZP
No,3312-UUMZW
No,1271-UODNO
No,6900-RBKER
No,1459-QNFQT
No,1047-NNCBF
No,0074-HDKDG
No,8791-GFXLZ
Yes,8111-SLLHI
Yes,0927-LCSMG
No,0098-BOWSO
No,3452-ABWRL
No,5859-HZYLF
No,3156-QLHBO
No,0831-JNISG
No,0774-IFUVM
No,3082-WQRVY
No,1641-BYBTK
No,2460-NGXBJ
No,2446-ZKVAF
Yes,0841-NULXI
No,1430-SFQSA
Yes,8844-TONUD
No,4320-QMLLA
No,6870-ZWMNX
Yes,5868-CZJDR
No,6479-OAUSD
No,4189-NAKJS
No,5562-BETPV
No,1282-IHQAC
No,9127-FHJBZ
Yes,6270-OMFIW
Yes,0107-WESLM
Yes,0125-LZQXK
No,5461-QKNTN
No,4835-YSJMR
Yes,8399-YNDCH
No,3164-YAXFY
No,4660-IRIBM
No,3916-NRPAP
No,6807-SIWJI
No,8221-HVAYI
Yes,1579-KLYDT
No,0455-ENTCR
No,8944-AILEF
No,5370-IIVVL
Yes,3927-NLNRY
No,6791-YBNAK
Yes,6358-LYNGM
No,8268-YDIXR
Yes,9824-BEMCV
No,4291-SHSBH
Yes,9866-QEVEE
No,0040-HALCW
No,0784-GTUUK
Yes,7979-CORPM
No,0872-JCPIB
No,3055-MJDSB
No,9091-WTUUY
Yes,3165-HDOEW
No,8496-DMZUK
No,9068-VPWQQ
No,0178-SZBHO
No,0384-RVBPI
Yes,1689-MRZQR
No,4525-VZCZG
No,1543-LLLFT
Yes,5835-BEQEU
No,2788-CJQAQ
No,2120-SMPEX
No,0096-FCPUF
Yes,5552-ZNFSJ
No,6507-ZJSUR
Yes,2833-SLKDQ
No,7617-EYGLW
No,9992-UJOEL
No,6244-BESBM
No,1004-NOZNR
No,2612-PHGOX
Yes,2408-TZMJL
No,8480-PPONV
No,8780-IHCRN
No,1257-SXUXQ
No,9681-KYGYB
No,4730-AWNAU
No,3452-FLHYD
No,6260-ONULR
No,8711-LOBKY
Yes,9134-CEQMF
No,2616-FLVQC
No,9968-FFVVH
No,3108-PCCGG
Yes,7993-PYKOF
No,3022-BEXHZ
Yes,5027-XWQHA
No,1291-CUOCY
Yes,8519-IMDHU
Yes,3372-KWFBM
No,3941-XTSKM
No,1661-CZBAU
Yes,6599-RCLCJ
No,9788-YTFGE
No,1907-YLNYW
Yes,1725-MIMXW
No,8947-YRTDV
No,3161-ONRWK
Yes,4791-QRGMF
No,0661-WCQNQ
No,4656-CAURT
No,0121-SNYRK
Yes,4671-LXRDQ
No,6265-FRMTQ
Yes,1934-SJVJK
Yes,3838-OZURD
Yes,9269-CQOOL
No,7690-KPNCU
No,5469-NUJUR
Yes,1184-PJVDB
No,7266-GSSJX
No,7722-VJRQD
No,7073-QETQY
No,7130-YXBRO
No,9272-LSVYH
Yes,3249-ZPQRG
Yes,2568-BRGYX
Yes,7721-JXEAW
Yes,7249-WBIYX
No,4238-HFHSN
No,6250-CGGUN
No,9793-WECQC
No,4291-HPAXL
No,8999-YPYBV
Yes,3164-AALRN
No,3071-MVJCD
No,1131-SUEKT
No,3717-OEAUQ
No,8060-HIWJJ
No,7684-XSZIY
No,9885-AIBVB
No,1934-MKPXS
Yes,0471-LVHGK
No,7521-YXVZY
No,2373-NTKOD
No,9337-SRRNI
No,0895-UADGO
No,2692-BUCFV
No,1830-GGFNM
No,5302-BDJNT
No,5223-UZAVK
No,9350-VLHMB
No,3498-LZGQZ
Yes,5357-TZHPP
Yes,0680-DFNNY
No,7077-XJMET
No,8752-GHJFU
No,6896-SRVYQ
Yes,7767-UXAGJ
No,4652-ODEVH
No,9046-DQMTP
No,6439-LAJXL
Yes,1571-SAVHK
No,1666-JZPZT
No,7677-SJJJK
No,7055-HNEOJ
No,5514-YQENT
No,3211-AAPKX
No,8445-DNBAE
Yes,2951-QOQTK
No,2958-NHPPS
No,1735-XMJVH
No,6890-PFRQX
No,0222-CNVPT
No,5899-OUVKV
No,8681-ICONS
No,6362-QHAFM
Yes,7893-IXHRQ
Yes,2952-QAYZF
No,6234-PFPXL
No,9824-QCJPK
No,4283-IVYCI
No,1866-OBPNR
No,8205-MQUGY
No,9480-BQJEI
Yes,5394-SVGJV
No,9777-WJJPR
Yes,9283-LZQOH
No,9495-SKLKD
No,5067-DGXLL
Yes,5469-CTCWN
Yes,9851-QXEEQ
No,8898-KASCD
No,9242-TKFSV
Yes,9809-IMGCQ
No,8695-WDYEA
Yes,3254-YRILK
No,6416-YJTTB
No,3195-TQDZX
Yes,0529-ONKER
No,1728-CXQBE
No,5014-GSOUQ
No,5724-BIDBU
Yes,5240-IJOQT
No,8819-WFGGJ
No,7427-AUFPY
Yes,1092-GANHU
No,7898-PDWQE
No,2924-KHUVI
No,9207-ZPANB
No,9327-QSDED
No,0640-YJTPY
Yes,3703-VAVCL
No,4881-GQJTW
No,7905-NJMXS
No,2882-WDTBA
Yes,6326-MTTXK
No,2796-UUZZO
No,2429-AYKKO
No,3794-NFNCH
No,5193-QLVZB
No,5522-NYKPB
Yes,4237-RLAQD
No,9957-YODKZ
No,6518-KZXCB
No,9313-QOLTZ
No,4672-FOTSD
No,7338-ERIVA
Yes,1157-BQCUW
No,3223-DWFIO
Yes,2660-EMUBI
No,4751-ERMAN
No,3292-PBZEJ
No,2812-SFXMJ
No,5014-WUQMG
Yes,2003-CKLOR
Yes,9391-EOYLI
No,2782-JEEBU
No,4522-XRWWI
No,5939-SXWHM
No,8246-SHFGA
No,0620-XEFWH
Yes,2761-OCIAX
No,5327-CNLUQ
No,7552-KEYGT
Yes,3068-OMWZA
No,2927-QRRQV
Yes,6032-KRXXO
No,6265-SXWBU
No,7941-RCJOW
No,6374-NTQLP
Yes,4154-AQUGT
No,2387-KDZQY
No,3584-WKTTW
No,3399-BMLVW
Yes,3092-IGHWF
No,3374-PZLXD
No,3813-DHBBB
No,6518-PPLMZ
No,4939-KYYPY
No,5930-GBIWP
No,9504-DSHWM
No,5035-BVCXS
No,3533-UVMOM
No,2439-LYPMQ
Yes,1899-VXWXM
No,9995-HOTOH
No,4999-IEZLT
Yes,4690-LLKUA
No,5980-BDHPY
No,9469-WEJBT
Yes,5442-XSDCW
No,7426-WEIJX
Yes,8580-AECUZ
No,3307-TLCUD
No,6625-FLENO
No,2967-MXRAV
No,4163-KIUHY
Yes,1228-FZFRV
No,3500-NSDOA
No,1171-TYKUR
Yes,2058-DCJBE
Yes,5364-XYIRR
No,4403-BWPAY
Yes,5047-LHVLY
No,1442-OKRJE
No,4737-AQCPU
No,3283-WCWXT
No,0999-QXNSA
No,5451-MHQOF
No,9225-BZLNZ
No,0354-VXMJC
No,9365-SRSZE
No,8332-OSJDW
No,0274-JKUJR
No,5740-YHGTW
No,8917-SZTTJ
No,1696-MZVAU
No,7359-WWYJV
No,4906-ZHGPK
Yes,8593-WHYHV
No,1298-PHBTI
No,6961-MJKBO
No,8158-WPEZG
Yes,0107-YHINA
No,0727-BNRLG
Yes,8640-SDGKB
No,3280-MRDOF
No,1702-CCFNJ
No,8932-CZHRQ
No,5515-RUGKN
No,0404-AHASP
No,2081-VEYEH
No,1958-RNRKS
No,5136-RGMZO
No,8226-BXGES
Yes,3877-JRJIP
No,9705-IOVQQ
No,1015-OWJKI
Yes,7511-YMXVQ
No,2040-XBAVJ
Yes,9804-ICWBG
No,1222-KJNZD
No,0106-GHRQR
No,3768-VHXQO
No,1320-REHCS
Yes,9436-ZBZCT
No,7801-CEDNV
No,3658-QQJYD
No,6950-TWMYB
No,2243-FNMMI
No,2511-MORQY
No,5356-KZCKT
No,9470-XCCEM
No,3902-MIVLE
No,3144-KMTWZ
Yes,7156-MHUGY
Yes,7198-GLXTC
No,5207-PLSTK
No,2307-FYNNL
No,5605-XNWEN
No,6181-AXXYF
No,2519-LBNQL
Yes,8380-PEFPE
No,1568-LJSZU
No,2586-CWXVV
No,8401-EMUWF
No,4193-IBKSW
No,3506-OVLKD
No,6650-VJONK
No,2178-PMGCJ
No,7492-TAFJD
No,7860-KSUGX
No,8966-KZXXA
Yes,9606-PBKBQ
No,2085-BOJKI
No,0817-HSUSE
No,5442-PPTJY
No,1663-MHLHE
No,5663-QBGIS
No,4450-MDZFX
Yes,3536-IQCTX
Yes,8496-EJAUI
No,0794-YVSGE
No,6908-VVYHM
No,1839-UMACK
No,3030-YDNRM
No,7321-KKSDU
Yes,3132-TVFDZ
No,8286-AFUYI
Yes,8080-DDEMJ
Yes,6365-MTGZX
Yes,1349-WXNGG
No,8058-DMYRU
Yes,6990-YNRIO
No,6959-GQEGV
No,1265-HVPZB
No,4115-UMJFQ
No,7369-TRPFD
Yes,0621-TWIEM
Yes,3669-OYSJI
Yes,6702-OHFWR
No,5296-BFCYD
Yes,4143-HHPMK
No,3279-DYZQM
No,9575-IWCAZ
No,7064-FRRSW
No,3961-SXAXY
No,7010-BRBUU
No,3566-HJGPK
No,9637-CDTKZ
No,3946-JEWRQ
No,7873-CVMAW
No,0463-WZZKO
Yes,3494-JCHRQ
Yes,6474-FVJLC
No,4524-QCSSM
No,5832-EXGTT
No,2039-JONDJ
No,7217-JYHOQ
No,6695-FRVEC
No,8069-YQQAJ
No,1636-NTNCO
No,3466-WAESX
No,3638-VBZTA
No,7459-IMVYU
Yes,7776-QWNFX
No,8563-OYMQY
No,0754-EEBDC
No,1951-IEYXM
No,3318-NMQXL
Yes,3143-ILDAL
No,2361-FJWNO
No,8232-UTFOZ
No,3750-YHRYO
No,0129-QMPDR
No,3221-CJMSG
No,2801-NISEI
Yes,3946-MHCZW
No,4623-ZKHLY
No,6732-VAILE
No,8201-AAXCB
No,7696-CFTAT
Yes,6651-AZVTJ
Yes,4566-GOLUK
No,2018-QKYGT
No,2792-VPPET
No,3247-MHJKM
No,1964-SVLEA
No,8267-KFGYD
No,4890-VMUAV
No,9261-WDCAF
No,3764-MNMOI
No,7442-YGZFK
Yes,0420-BWTPW
No,7449-HVPIV
No,8466-PZBLH
Yes,9614-RMGHA
No,8735-IJJEG
Yes,5054-IEXZT
Yes,5834-ASPWA
No,3737-XBQDD
No,3511-APPBJ
No,7967-HYCDE
No,2430-RRYUW
Yes,3948-XHGNA
No,3723-BFBGR
Yes,0565-IYCGT
No,9675-ICXCT
Yes,1024-VRZHF
No,4703-MQYKT
Yes,9497-QCMMS
No,5692-ICXLW
No,1960-UYCNN
No,3190-FZATL
No,7336-RLLRH
Yes,3424-NMNBO
No,0607-MVMGC
No,8022-BECSI
No,9993-LHIEB
Yes,3858-VOBET
No,0017-DINOC
Yes,8565-CLBZW
Yes,0224-HJAPT
Yes,8086-OVPWV
No,7639-OPLNG
Yes,3074-GQWYX
No,1492-QGCLU
No,4418-LZMSV
No,1087-GRUYI
Yes,7694-VLBWQ
No,2546-KZAAT
No,0181-RITDD
No,8272-ONJLV
No,0308-GIQJT
Yes,6481-OGDOO
No,3090-LETTY
Yes,8305-VHZBZ
No,9720-JJJOR
No,8775-ERLNB
Yes,6298-QDFNH
No,7398-HPYZQ
No,3546-GHEAE
No,6557-BZXLQ
No,2550-QHZGP
No,8543-MSDMF
Yes,9961-JBNMK
Yes,6173-ITPWD
No,1216-BGTSP
No,4138-NAXED
No,0744-BIKKF
No,7483-IQWIB
No,5248-KWLAR
Yes,4958-GZWIY
No,7833-PKIHD
No,1852-QSWCD
No,4832-VRBMR
No,9079-LWTFD
No,5986-WWXDV
No,3061-BCKYI
No,7901-TBKJX
No,7746-QYVCO
No,5804-HYIEZ
No,9919-FZDED
No,3486-KHMLI
Yes,1084-UQCHV
Yes,2955-BJZHG
No,2251-PYLPB
No,5555-RNPGT
Yes,9300-RENDD
No,8087-LGYHQ
No,4137-BTIKL
No,6227-FBDXH
No,2911-WDXMV
No,7206-PQBBZ
No,4547-FZJWE
No,7422-WNBTY
No,3521-HTQTV
No,3373-DIUUN
No,7607-QKKTJ
No,7707-PYBBH
Yes,4349-GFQHK
No,9805-FILKB
No,0673-IGUQO
No,8819-IMISP
Yes,7802-EFKNY
No,5858-EAFCZ
Yes,8035-BUYVG
No,1163-ONYEY
Yes,9787-XVQIU
Yes,8945-MUQUF
No,5656-MJEFC
No,6082-OQFBA
No,1379-FRVEB
No,8612-GXIDD
No,6648-INWPS
No,4079-VTGLK
No,1763-WQFUK
No,1391-UBDAR
No,2023-VQFDL
No,1345-GKDZZ
No,5628-FCGYG
No,2560-WBWXF
No,1784-EZDKJ
No,6635-CPNUN
Yes,4021-RQSNY
No,5453-YBTWV
Yes,9061-TIHDA
Yes,8699-ASUFO
No,2038-OEQZH
No,2626-VEEWG
No,2878-RMWXY
No,1657-DYMBM
No,7375-WMVMT
No,2530-FMFXO
No,6844-DZKRF
Yes,7619-ODSGN
No,5970-GHJAW
No,8879-XUAHX
No,4195-PNGZS
No,5003-XZWWO
No,7622-FWGEW
No,6922-NCEDI
Yes,2514-GINMM
No,8548-AWOFC
No,8532-UEFWH
Yes,5931-FLJJF
No,4815-YOSUK
Yes,2659-VXMWZ
No,0380-NEAVX
Yes,3207-OYBWH
No,4365-MSDYN
No,8076-FEZKJ
No,1302-UHBDD
No,2234-EOFPT
No,8378-LKJAF
Yes,2528-HFYZX
No,1153-GNOLC
No,0788-DXBFY
No,3496-LFSZU
No,5242-UOWHD
Yes,2482-CZGBB
No,6479-SZPLM
No,8097-VBQTZ
No,4500-HKANN
No,3420-ZDBMA
No,2212-LYASK
No,3378-AJRAO
No,9554-DFKIC
No,1399-UBQIU
No,0336-PIKEI
No,7322-OCWHC
No,9150-HEPMB
No,7176-WRTNX
Yes,1583-IHQZE
No,5732-IKGQH
No,8064-RAVOH
No,0219-QAERP
Yes,0320-JDNQG
Yes,7180-PISOG
Yes,3571-RFHAR
No,5334-AFQJB
Yes,1587-FKLZB
Yes,6140-QNRQQ
No,8963-JLGJT
Yes,4307-KTUMW
No,1465-LNTLJ
Yes,5440-FLBQG
No,9339-FIIJL
Yes,2027-FECZV
Yes,2672-DZUOY
No,4706-DGAHW
No,6670-MFRPK
No,7579-KKLOE
Yes,7377-DMMRI
No,8402-EIVQS
No,4947-DSMXK
No,3324-OIRTO
No,5414-OFQCB
No,4967-WPNCF
No,8499-BRXTD
No,9154-QDGTH
No,2577-GVSIL
No,9367-OIUXP
No,7928-VJYAB
No,1187-WILMM
No,1104-FEJAM
No,9121-PHQSR
No,3113-IWHLC
Yes,3211-ILJTT
No,4277-BWBML
No,7089-RKVSZ
No,2683-JXWQQ
No,9548-ZMVTX
No,3981-QSVQI
No,2789-HQBOU
No,9424-CMPOG
No,5067-WJEUN
No,3450-WXOAT
No,2616-UUTFK
No,7064-JHXCE
No,7989-AWGEH
No,4373-VVHQL
No,4559-UWIHT
No,7268-IGMFD
No,9570-KYEUA
No,6993-YGFJV
No,0730-BGQGF
No,9101-NTIXF
No,9314-QDMDW
No,9308-ANMVE
Yes,3757-NJYBX
No,3413-DHLPB
No,7649-PHJVR
No,3787-TRIAL
No,2573-GYRUU
No,6734-GMPVK
No,6161-ERDGD
No,7318-EIVKO
No,3771-PZOBW
No,8231-BSWXX
Yes,3722-WPXTK
No,1089-HDMKP
No,7623-HKYRK
No,3275-RHRNE
No,6901-GOGZG
No,7021-XSNYE
No,8982-NHAVY
No,4307-KWMXE
No,3694-DELSO
No,3893-JRNFS
No,9603-OAIHC
No,0142-GVYSN
Yes,7854-FOKSF
Yes,2519-FAKOD
No,8406-LNMHF
No,1821-BUCWY
Yes,8263-JQAIK
No,8314-DPQHL
No,8884-MRNSU
No,2171-UDMFD
Yes,2205-YMZZJ
No,1475-VWVDO
No,1357-MVDOZ
Yes,3325-FUYCG
Yes,5908-QMGOE
No,5968-HYJRZ
No,5198-EFNBM
No,7516-GMHUV
No,7140-ADSMJ
No,2585-KTFRE
No,7994-UYIVZ
Yes,1740-CSDJP
No,7717-BICXI
No,6559-RAKOZ
Yes,2636-OHFMN
No,3200-MNQTF
No,9135-MGVPY
No,1212-GLHMD
No,7878-JGDKK
No,1088-AUUZZ
Yes,0397-GZBBC
No,6614-YWYSC
Yes,7641-EUYET
No,6476-EPYZR
No,6620-HVDUJ
Yes,4701-MLJPN
No,7641-TQFHN
Yes,9206-GVPEQ
Yes,1596-BBVTG
No,2333-KWEWW
No,1134-YWTYF
No,6061-GWWAV
No,0679-TDGAK
No,6585-WCEWR
No,9067-SQTNS
Yes,8433-WXGNA
No,9668-PUGNU
Yes,3707-GNWHM
No,7016-NVRIC
No,9565-AXSMR
Yes,5186-SAMNZ
No,0447-RXSGD
No,4927-WWOOZ
Yes,5373-SFODM
No,0661-KBKPA
No,0784-ZQJZX
No,3133-PZNSR
Yes,5766-ZJYBB
Yes,0022-TCJCI
No,5397-NSKQG
No,8565-HBFNN
Yes,0203-HHYIJ
No,8670-ERCJH
No,7758-UJWYS
No,4826-DXMUP
Yes,0952-KMEEH
No,9796-BPKIW
No,0188-GWFLE
No,9137-NOQKA
No,8868-GAGIO
No,4061-UKJWL
No,8263-QMNTJ
Yes,8178-EYZUO
No,0277-ORXQS
Yes,5130-IEKQT
Yes,3230-WYKIR
Yes,0407-BDJKB
No,2266-FUBDZ
Yes,9600-UDOPK
Yes,3269-ATYWD
No,4361-FEBGN
No,0380-ZCSBI
No,5849-ASHZJ
Yes,7576-OYWBN
No,5945-AZYHT
Yes,5539-TMZLF
Yes,4323-SADQS
Yes,4446-BZKHU
Yes,5976-JCJRH
Yes,7593-JNWRU
No,1069-QJOEE
No,7799-DSEWS
No,8766-PAFNE
No,5315-CKEQK
No,0820-FNRNX
No,0880-FVFWF
Yes,5028-GZLDO
No,0014-BMAQU
Yes,6861-XWTWQ
Yes,6877-TJMBR
No,9953-ZMKSM
Yes,6769-DCQLI
Yes,2433-KMEAS
No,4391-LNRXK
Yes,2011-TRQYE
No,5893-PYOLZ
No,6131-FOYAS
Yes,4873-ILOLJ
No,4727-MCYZG
Yes,2725-KXXWT
No,5639-NTUPK
Yes,8348-HFYIV
No,6242-SGYTS
No,8166-ORCHU
No,8414-OOEEL
Yes,6849-WLEYG
No,4191-XOVOM
No,2150-OEGBV
Yes,8429-XIBUM
No,4878-BUNFV
No,7026-YMSBE
Yes,7341-LXCAF
No,6997-UVGOX
No,9674-EHPPG
Yes,9462-MJUAW
No,5440-VHLUL
Yes,4283-FUTGF
No,5213-TWWJU
Yes,1569-TTNYJ
Yes,2397-BRLOM
No,3976-HXHCE
No,2466-NEJOJ
No,0254-KCJGT
No,8150-QUDFX
No,1942-OQFRW
Yes,7598-UAASY
Yes,7938-OUHIO
No,6128-AQBMT
No,5133-VRSAB
No,5996-DAOQL
No,0484-JPBRU
No,7274-CGTOD
Yes,3426-NIYYL
Yes,8225-BTJAU
No,4635-EJYPD
No,1866-ZSLJM
No,4636-TVXVG
No,9392-XBGTD
Yes,3387-VATUS
No,1169-SAOCL
No,2371-JUNGC
No,7693-QPEFS
No,5074-FBGHB
Yes,1724-BQUHA
No,3948-KXDUF
No,2323-ARSVR
Yes,4826-XTSOH
No,8295-FHIVV
Yes,2495-INZWQ
No,9086-YJYXS
No,1179-INLAT
Yes,4139-SUGLD
No,6351-SCJKT
No,5468-BPMMO
No,2439-QKJUL
No,1194-SPVSP
No,9534-NSXEM
No,8929-KSWIH
No,2250-IVBWA
No,1810-MVMAI
No,9506-UXUSK
Yes,6100-QQHEB
No,2770-NSVDG
No,9375-MHRRS
Yes,2634-HCZGT
Yes,7503-QQRVF
No,4860-YZGZM
Yes,2691-NZETQ
No,5533-NHFRF
No,7037-MTYVW
No,6584-VQMYT
No,9838-BFCQT
No,2790-XUYMV
No,1023-BQXZE
No,3904-UKFRE
Yes,6023-YEBUP
Yes,7209-JCUDS
No,7009-PCARS
Yes,3001-CBHLQ
Yes,6158-DWPZT
No,3259-QMXUN
No,1015-JPFYW
No,6645-MXQJT
No,4360-QRAVE
Yes,3763-GCZHZ
No,6484-LATFU
Yes,0772-GYEQQ
Yes,4831-EOBFE
No,3251-YMVWZ
Yes,4102-OQUPX
No,4884-LEVMQ
No,8857-CUPFQ
No,7610-TVOPG
No,1845-ZLLIG
No,8559-WNQZS
Yes,3999-QGRJH
No,1699-UOTXU
No,0635-WKOLD
No,4518-FZBSX
No,6988-CJEYV
No,9743-DQKQW
No,7508-KBIMB
No,2277-DJJDL
No,5485-ITNPC
No,4644-PIZRT
No,8922-NPKBJ
No,2740-TVLFN
No,6963-EZQEE
No,2452-KDRRH
Yes,5027-QPKTE
No,4146-SVFUD
No,1564-HJUVY
No,5226-NOZFC
No,1400-WIVLL
Yes,7508-MYBOG
Yes,0148-DCDOS
Yes,9992-RRAMN
No,6746-WAUWT
No,0428-IKYCP
Yes,4550-VBOFE
No,2187-PKZAY
No,7225-IILWY
No,7923-IYJWY
Yes,5696-QURRL
No,9830-ECLEN
No,2668-TZSPS
Yes,7854-EDSSA
No,9522-ZSINC
No,8234-GSZYK
No,6164-HAQTX
No,0953-LGOVU
Yes,2115-BFTIW
Yes,0611-DFXKO
Yes,7780-OTDSO
No,0674-DGMAQ
No,6203-HBZPA
No,0484-FFVBJ
No,4139-JPIAM
No,2181-TIDSV
No,2761-XECQW
No,1936-CZAKF
Yes,0564-JJHGS
No,4402-FTBXC
Yes,1428-GTBJJ
No,5542-TBBWB
No,1930-QPBVZ
No,2606-PKWJB
No,5322-ZSMZY
No,7740-BTPUX
No,5220-AGAAX
No,9435-JMLSX
No,3352-ALMCK
No,5294-IMHHT
Yes,8802-UNOJF
Yes,6313-GIDIT
No,6176-YJWAS
No,5310-NOOVA
No,4526-EXKKN
No,5311-IHLEI
No,3987-KQDDU
No,5131-PONJI
Yes,2845-AFFTX
No,3345-JHUEO
No,5815-HGGHV
Yes,4626-GYCZP
No,5649-RXQTV
No,7587-AOVVU
Yes,5590-BYNII
No,6898-MDLZW
No,9357-UJRUN
Yes,1591-NFNLQ
No,7663-CUXZB
No,0258-NOKBL
Yes,2815-CPTUL
No,9443-JUBUO
Yes,1481-ZUWZA
No,3043-TYBNO
No,4830-FAXFM
No,5906-BFOZT
No,2960-NKRSO
No,8996-ZROXE
No,0397-ZXWQF
No,5266-PFRQK
No,4674-HGNUA
No,6295-OSINB
No,3308-MHOOC
Yes,2309-OSFEU
No,4177-JPDFU
No,2239-CFOUJ
No,8046-DNVTL
Yes,1891-FZYSA
No,4770-UEZOX
No,1038-RQOST
Yes,7613-LLQFO
No,4568-TTZRT
No,9513-DXHDA
Yes,2640-PMGFL
Yes,3801-HMYNL
Yes,9685-WKZGT
No,8896-BQTTI
No,3865-QBWSJ
No,2160-GPFXD
No,5857-TYBCJ
No,1498-NHTLT
No,4176-RELJR
No,5199-FPUSP
No,6377-KSLXC
No,0238-WHBIQ
No,8735-NBLWT
No,6651-RLGGM
Yes,8740-XLHDR
Yes,1208-DNHLN
Yes,1761-AEZZR
No,5696-EXCYS
Yes,7120-RFMVS
No,4702-HDRKD
No,8512-WIWYV
No,5456-ITGIC
Yes,7317-GGVPB
No,1406-PUQVY
Yes,1322-AGOQM
No,5151-HQRDG
No,0960-HUWBM
Yes,0617-FHSGK
No,0263-FJTQO
No,7319-ZNRTR
No,7089-XXAYG
Yes,8118-LSUEL
No,8070-AAWZP
No,5133-POWUA
Yes,7005-CCBKV
No,1810-BOHSY
No,9224-VTYID
No,5569-IDSEY
No,7284-ZZLOH
No,1777-JYQPJ
Yes,6376-GAHQE
No,3401-URHDA
No,1599-EAHXY
No,8631-XVRZL
Yes,5052-PNLOS
No,3853-LYGAM
No,5751-USDBL
Yes,2386-LAHRK
No,9931-DCEZH
No,0315-LVCRK
No,2410-CIYFZ
Yes,4248-HCETZ
No,6860-YRJZP
No,4429-WYGFR
No,4521-WFJAI
Yes,8809-RIHDD
No,8809-XKHMD
No,0396-YCHWO
No,0867-LDTTC
No,2122-SZZZD
No,8395-ETZKQ
No,6692-YQHXC
No,3889-VWBID
No,5222-JCXZT
No,2739-CCZMB
No,7080-TNUWP
No,0496-AHOOK
No,2468-SJFLM
No,3181-VTHOE
Yes,1142-WACZW
No,7901-HXJVA
Yes,5649-ANRML
Yes,4892-VLANZ
No,5924-IFQTT
No,7968-QUXNS
No,6029-CSMJE
No,7993-NQLJE
No,4962-CHQPW
Yes,3030-YZADT
Yes,7410-KTVFV
No,5150-ITWWB
No,1345-ZUKID
No,6429-SHBCB
No,9281-OFDMF
No,2603-HVKCG
No,1834-WULEG
No,9097-ZUBYC
No,4578-PHJYZ
No,7272-QDCKA
Yes,8393-DLHGA
No,6968-MHOMU
Yes,7395-IGJOS
No,1814-WFGVS
Yes,2834-SPCJV
Yes,7890-VYYWG
No,7682-AZNDK
No,3745-HRPHI
No,7636-OWBPG
No,1231-YNDEK
No,8564-LDKFL
Yes,0895-DQHEW
No,5501-TVMGM
No,6772-WFQRD
No,8550-XSXUQ
No,0585-EGDDA
No,0549-CYCQN
No,3481-JHUZH
No,6869-FGJJC
No,8205-VSLRB
No,5960-MVTUK
No,6817-WTYHE
No,3082-VQXNH
No,0750-EKNGL
No,7669-LCRSD
No,3567-PQTSO
No,8043-PNYSD
No,2703-AMTUL
No,0928-JMXNP
No,5402-HTOTQ
No,6734-JDTTV
No,3890-RTCMS
Yes,3148-BLQJT
No,3717-FDJFU
No,7966-YOTQW
Yes,8806-EAGWC
Yes,7779-LGOVN
No,6924-TDGMT
No,1536-YHDOE
No,3629-ZNKXA
No,7711-YIJWC
No,5482-VXSXJ
No,7365-BVCJH
Yes,4183-WCSEP
Yes,9722-UJOJR
No,8902-ZEOVF
No,6778-EICRF
No,2662-NNTDK
Yes,3902-FOIGH
Yes,6772-KSATR
Yes,7112-OPOTK
No,4323-ELYYB
No,6064-PUPMC
No,6504-VBLFL
No,6322-PJJDJ
No,0330-BGYZE
No,7586-ZATGZ
No,7197-VOJMM
Yes,3318-OSATS
Yes,5828-AVIPD
No,4282-MSACW
Yes,7774-OJSXI
No,0136-IFMYD
No,5144-TVGLP
No,9122-UMROB
No,4232-JGKIY
No,9659-ZTWSM
No,6685-GBWJZ
Yes,5016-ETTFF
No,2195-VVRJF
Yes,0697-ZMSWS
Yes,7657-DYEPJ
No,9494-BDNNC
Yes,8276-MQBYC
No,7644-OMVMY
Yes,7593-XFKDI
No,4573-JKNAE
No,9817-APLHW
No,0384-LPITE
Yes,6347-DCUIK
No,6923-AQONU
Yes,7663-RGWBC
No,4536-PLEQY
No,5447-VYTKW
No,3623-FQBOX
Yes,0689-NKYLF
No,3474-BAFSJ
No,3865-ZFZIB
No,1855-AGAWH
No,7109-CQYUZ
No,2883-ILGWO
No,2696-RZVZW
No,5766-FTRTS
Yes,5178-LMXOP
No,6285-FTQBF
Yes,8185-UPYBR
Yes,7526-BEZQB
No,9617-INGJY
No,0621-TSSMU
No,7234-KMNRQ
No,4683-WYDOU
No,9052-DHNKM
No,6794-HKIAJ
No,5950-AAAGJ
Yes,4918-QLLIW
Yes,7056-IMHCC
No,4854-SSLTN
No,0603-OLQDC
No,4176-FXYBO
No,1063-DHQJF
Yes,2947-DOMLJ
Yes,4112-LUEIZ
Yes,4510-HIMLV
Yes,8749-JMNKX
No,9391-LMANN
Yes,2430-USGXP
No,1698-XFZCI
No,4450-DLLMH
No,0428-AXXLJ
Yes,5955-ERIHD
Yes,0917-EZOLA
No,0468-YRPXN
No,5996-NRVXR
No,3739-YBWAB
No,9762-YAQAA
Yes,5949-EBSQK
No,0100-DUVFC
No,5397-TUPSH
No,8950-MTZNV
Yes,7274-RTAPZ
Yes,3834-XUIFC
No,9576-SYUHJ
No,2831-EBWRN
No,9430-NKQLY
Yes,8414-MYSHR
No,0247-SLUJI
No,6483-OATDN
Yes,7599-FKVXZ
No,3982-DQLUS
No,3756-VNWDH
No,6060-QBMGV
No,2828-SLQPF
Yes,6221-AVQYL
No,2558-BUOZZ
No,0003-MKNFE
Yes,7743-EXURX
No,4682-BLBUC
No,5968-VXZLG
Yes,4988-IQIGL
No,5201-FRKKS
Yes,7730-IUTDZ
No,6738-ISCBM
No,9821-BESNZ
No,3678-MNGZX
No,1335-NTIUC
No,2916-BQZLN
No,4558-CGYCZ
No,8710-YGLWG
No,3785-KTYSH
No,6814-ZPWFQ
No,4063-EIKNQ
No,6993-YCOBK
No,5206-HPJKM
Yes,7587-RZNME
Yes,0748-RDGGM
No,8393-JMVMB
No,5019-GQVCR
No,0969-RGKCU
Yes,9026-RNUJS
Yes,3746-EUBYR
Yes,2332-EFBJY
No,2880-FPNAE
No,3612-YUNGG
No,5062-CJJKH
No,9028-LIHRP
Yes,2219-MVUSO
No,1301-LOPVR
No,0853-TWRVK
Yes,8914-RBTSB
No,8200-LGKSR
No,1568-BEKZM
No,0670-ANMUU
No,6897-RWMUB
Yes,0963-ZBDRN
No,6999-CHVCF
No,6134-KWTBV
Yes,6331-EWIEB
No,0895-LNKRC
No,8417-GSODA
No,5171-EPLKN
No,4452-QIIEB
Yes,5998-VVEJY
Yes,1624-NALOJ
No,6741-EGCBI
No,7820-ZYGNY
Yes,4317-VTEOA
No,9847-HNVGP
No,6696-YDAYZ
No,9501-UKKNL
Yes,7541-YLXCL
No,6080-TCMYC
No,7860-UXCRM
No,2292-XQWSV
No,9552-TGUZV
No,5913-INRQV
Yes,8722-NGNBH
Yes,6210-KBBPI
No,9643-YBLUR
No,8734-FNWVH
Yes,9540-JYROE
No,7011-CVEUC
No,6185-TASNN
Yes,8623-TMRBY
Yes,1501-SGHBW
No,9313-CDOGY
No,8148-BPLZQ
Yes,3208-YPIOE
No,5693-PIPCS
No,0491-KAPQG
No,1925-LFCZZ
No,8039-EQPIM
Yes,6900-PXRMS
No,3209-ZPKFI
No,9373-WSLOY
No,9819-FBNSV
No,0396-UKGAI
No,5186-EJEGL
No,7527-QNRUS
No,3258-SYSWS
Yes,4083-EUGRJ
Yes,1771-OADNZ
No,8219-VYBVI
No,9738-QLWTP
No,1016-DJTSV
No,0174-QRVVY
No,5699-BNCAS
No,8106-GWQOK
No,4039-PIMHX
No,0795-GMVQO
No,2259-OUUSZ
No,6257-RJOHI
No,1545-JFUML
No,1353-GHZOS
No,2587-EKXTS
Yes,1723-HKXJQ
No,2364-UFROM
No,6473-ULUHT
Yes,1240-KNSEZ
Yes,0836-SEYLU
Yes,4433-JCGCG
Yes,3716-BDVDB
No,7688-AWMDX
No,2842-BCQGE
No,7244-QWYHG
Yes,6849-OYAMU
Yes,5616-PRTNT
No,9483-GCPWE
No,4993-JCRGJ
No,9537-JALFH
No,6698-OXETB
No,2103-ZRXFN
No,3724-BSCVH
No,9209-NWPGU
Yes,6961-VCPMC
No,7306-YDSOI
No,5288-AHOUP
No,0655-YDGFJ
No,6823-SIDFQ
No,8328-SKJNO
No,5201-CBWYG
Yes,1965-DDBWU
No,6352-GIGGQ
No,3635-QQRQD
No,2897-DOVND
No,4950-BDEUX
No,5789-LDFXO
No,2984-TBYKU
Yes,2391-SOORI
No,9040-KZVWO
Yes,2645-QTLMB
No,6339-RZCBJ
Yes,4424-TKOPW
No,2522-AHJXR
No,0412-UCCNP
No,1816-FLZDK
No,7096-UCLNH
Yes,8443-ZRDBZ
Yes,9136-ALYBR
Yes,7479-NITWS
No,8617-ENBDS
No,0430-IHCDJ
Yes,2959-MJHIC
No,9351-HXDMR
Yes,5960-WPXQM
Yes,0684-AOSIH
No,1309-XGFSN
Yes,1866-RZZQS
No,6968-URWQU
No,9631-XEYKE
Yes,8631-NBHFZ
No,1335-MXCSE
No,8873-TMKGR
Yes,4958-XCBDQ
Yes,8337-UPOAQ
No,0064-YIJGF
Yes,1725-IQNIY
No,0310-VQXAM
Yes,6598-RFFVI
No,3453-RTHJQ
No,4280-DLSHD
No,1508-DFXCU
No,7868-BGSZA
No,2800-QQUSO
No,7698-YFGEZ
Yes,2533-QVMSK
No,9773-PEQBZ
Yes,8644-XLFBW
Yes,8625-AZYZY
No,9602-WCXPI
No,2903-YYTBW
No,3620-MWJNE
No,8573-JGCZW
No,6837-HAEVO
No,6701-YVNQG
No,4304-XUMGI
No,6174-NRBTZ
No,9481-IEBZY
No,9065-ZCPQX
No,6402-EJMWF
No,3213-VVOLG
Yes,8374-XGEJJ
Yes,2656-TABEH
Yes,6946-LMSQS
No,9169-BSVIN
No,1080-BWSYE
Yes,4039-HEUNW
Yes,0812-WUPTB
Yes,0004-TLHLJ
No,8439-LTUGF
No,6418-HNFED
No,7291-CDTMJ
No,7128-GGCNO
No,7691-KGKGP
No,6710-HSJRD
No,3675-EQOZA
No,0840-DCNZE
No,9862-KJTYK
No,5854-KSRBJ
No,0365-BZUWY
No,1357-BIJKI
Yes,5299-SJCZT
No,2018-PZKMU
Yes,2403-BCASL
No,7392-YYPYJ
No,2223-GDSHL
Yes,7359-PTSXY
No,9470-RTWDV
No,2176-OSJUV
No,9348-YVOMK
Yes,4503-BDXBD
No,2592-HODOV
No,7995-ZHHNZ
No,4979-HPRFL
No,2773-OVBPK
No,5206-XZZQI
No,4803-LBYPN
No,2139-FQHLM
No,1093-YSWCA
Yes,0991-BRRFB
No,8749-TZYEC
No,1755-FZQEC
No,5600-KTXFM
Yes,3871-IKPYH
Yes,6319-IEJWJ
No,6339-TBELP
No,6173-GOLSU
Yes,5275-SQEIZ
No,7950-XWOVN
Yes,4390-KYULV
No,9702-AIUJO
No,5396-IZEPB
No,0701-TJSEF
No,1559-DTODC
No,4797-MIWUM
Yes,6959-UWKHF
No,8720-RQSBJ
Yes,5655-JSMZM
No,5915-ANOEI
No,7225-CBZPL
No,6704-UTUKK
No,2019-HDCZY
Yes,4652-NNHNY
No,8788-DOXSU
No,8915-NNTRC
No,2920-RNCEZ
No,2541-YGPKE
No,5382-TEMLV
No,9592-ERDKV
No,4778-IZARL
No,0432-CAJZV
No,7008-LZVOZ
Yes,8868-WOZGU
No,9365-CSLBQ
Yes,1334-FJSVR
No,7130-CTCUS
No,6242-FEGFD
No,6194-HBGQN
No,6986-IXNDM
Yes,0618-XWMSS
No,1395-WSWXR
No,6752-APNJL
No,7446-KQISO
No,9823-EALYC
No,5803-NQJZO
Yes,2565-JSLRY
No,2607-DHDAK
No,1073-XXCZD
No,4006-HKYHO
Yes,6615-NGGZJ
No,4334-HOWRP
No,1686-STUHN
Yes,2984-MIIZL
No,0266-GMEAO
No,5574-NXZIU
No,4098-NAUKP
No,5196-WPYOW
No,4608-LCIMN
No,1485-YDHMM
No,8161-QYMTT
No,9581-GVBXT
No,5862-BRIXZ
No,5404-GGUKR
No,3308-JSGML
No,2675-DHUTR
No,7446-YPODE
No,4676-WLUHT
No,0757-WCUUZ
Yes,7239-HZZCX
No,4872-VXRIL
No,9938-TKDGL
No,0531-ZZJWQ
No,2688-BHGOG
Yes,7683-CBDKJ
Yes,0946-CLJTI
No,3160-TYXLT
No,1325-USMEC
Yes,0628-CNQRM
Yes,0112-QWPNC
Yes,1196-AMORA
No,8687-BAFGU
No,0641-EVBOJ
No,9974-JFBHQ
Yes,5356-RHIPP
No,0608-JDVEC
No,9780-FKVVF
No,1919-RTPQD
No,5214-NLTIT
No,3345-PBBFH
No,2650-GYRYL
Yes,0746-JTRFU
No,5208-FVQKB
No,3982-JGSFD
No,7247-XOZPB
No,6211-WWLTF
No,6016-NXBNJ
No,9138-EFSMO
Yes,0576-WNXXC
No,4632-XJMEX
No,8910-LEDAG
No,2716-GFZOR
No,3724-UCSHY
No,8626-XHBIE
Yes,4628-CTTLA
No,3192-LNKRK
No,2208-UGTGR
No,3079-BCHLN
No,7278-CKDNC
Yes,4822-YCXMX
No,7181-OQCUT
Yes,9821-POOTN
No,3836-FZSDJ
Yes,6559-ILWKJ
No,0187-QSXOE
No,2649-HWLYB
No,5214-CHIWJ
Yes,4229-CZMLL
No,2465-BLLEU
No,1685-VAYJF
No,8874-EJNSR
No,5049-MUBWG
No,4223-WOZCM
No,9253-VIFJQ
No,7030-FZTFM
No,9741-YLNTD
No,5917-RYRMG
No,1194-BHJYC
No,0906-QVPMS
Yes,9025-ZRPVR
No,6248-BSHKG
No,4685-TFLLS
No,3470-BTGQO
No,1209-VFFOC
No,8224-DWCKX
No,6917-IAYHD
Yes,0495-ZBNGW
No,7572-KPVKK
No,7137-NAXML
No,2428-ZMCTB
Yes,4088-YLDSU
No,3146-JTQHR
No,4395-PZMSN
No,8706-HRADD
No,9955-QOPOY
No,4385-ZKVNW
Yes,2034-CGRHZ
Yes,4228-ZGYUW
No,9031-ZVQPT
No,2990-IAJSV
No,8107-KNCIM
No,9027-YFHQJ
No,4644-OBGFZ
No,7926-IJOOU
No,6480-YAGIY
No,4029-HPFVY
No,5345-BMKWB
No,5457-COLHT
Yes,6416-TVAIH
Yes,5108-ADXWO
No,7998-WNZEM
Yes,6715-OFDBP
No,5016-LIPDW
No,6481-LXPWL
Yes,1567-DSCIC
No,9975-GPKZU
No,9625-RZFUK
No,5153-LXKDT
No,5161-UBZXI
No,0565-JUPYD
No,9054-FOWNV
Yes,2683-BPJSO
Yes,2157-MXBJS
No,5269-NRGDP
No,6195-MELTI
Yes,5485-WUYWF
Yes,2632-UCGVD
Yes,5445-PZWGX
No,5198-HQAEN
Yes,9170-CCKOU
Yes,1043-YCUTE
No,3572-UUHRS
No,8815-LMFLX
No,9135-HSWOC
No,8582-KRHPJ
No,7044-YAACC
No,1506-YJTYT
No,4123-DVHPH
Yes,5442-UTCVD
No,3740-RLMVT
No,5651-CPDND
No,7729-XBTWX
No,9134-WYRVP
No,2931-SVLTV
No,7504-UWHNB
No,8908-NMQTX
No,1431-AIDJQ
Yes,4597-NUCQV
No,8413-YNHNV
No,4369-NYSCF
No,6333-YDVLT
No,5324-KTGCG
No,6873-UDNLD
No,2700-LUEVA
Yes,1455-ESIQH
Yes,4013-TLDHQ
No,5743-KHMNA
No,5325-UWTWJ
No,9708-HPXWZ
No,6992-TKNYO
No,4468-YDOVK
Yes,3754-DXMRT
No,4302-ZYFEL
Yes,7903-CMPEY
No,1518-OMDIK
No,0595-ITUDF
No,1955-IBMMB
No,6253-WRFHY
No,2675-OTVVJ
No,8680-CGLTP
No,4737-HOBAX
No,0537-QYZZN
No,3340-QBBFM
Yes,2592-SEIFQ
No,3372-CDXFJ
No,4781-ZXYGU
No,2718-YSKCS
No,9896-UYMIE
No,1088-CNNKB
No,1930-BZLHI
Yes,3400-ESFUW
No,5868-YTYKS
No,1482-OXZSY
No,0377-JBKKT
No,3373-YZZYM
No,0228-MAUWC
Yes,0023-HGHWL
No,4915-BFSXL
Yes,9039-RBEEE
No,1307-ATKGB
Yes,8417-FMLZI
No,1850-AKQEP
No,5227-JSCFE
No,8042-RNLKO
No,0420-TXVSG
Yes,0515-YPMCW
Yes,0378-XSZPU
No,1544-JJMYL
No,4636-JGAAI
No,6874-SGLHU
No,5951-AOFIH
Yes,4729-XKASR
No,3059-NGMXB
Yes,5449-FIBXJ
No,3891-NLXJB
No,5453-AXEPF
No,3716-LRGXK
No,2263-SFSQZ
No,9950-MTGYX
No,3397-AVTKU
No,4825-FUREZ
Yes,9837-BMCLM
Yes,6161-UUUTA
No,7821-DPRQE
Yes,4925-LMHOK
No,1608-GMEWB
Yes,1455-UGQVH
No,8410-BGQXN
No,7611-YKYTC
Yes,2037-SGXHH
No,0365-GXEZS
No,0082-OQIQY
Yes,4603-JANFB
Yes,3018-TFTSU
No,3606-SBKRY
Yes,4806-KEXQR
No,6893-ODYYE
No,8242-JSVBO
Yes,2479-BRAMR
No,9541-ZPSEA
No,1139-WUOAH
No,6937-GCDGQ
No,8644-XYTSV
No,3873-WOSBC
No,7465-ZZRVX
No,7975-JMZNT
No,4116-IQRFR
No,7853-WNZSY
No,3120-FAZKD
No,0225-ZORZP
No,0575-CUQOV
No,2830-LEWOA
Yes,1264-BYWMS
No,8327-WKMIE
No,5329-KRDTM
No,3633-CDBUW
No,4077-HWUYD
Yes,8808-ELEHO
Yes,3506-LCJDC
No,7305-ZWMAJ
No,9518-XXBXE
Yes,3934-HXCFZ
No,6578-KRMAW
No,4860-IJUDE
No,0423-UDIJQ
Yes,4910-AQFFX
No,2607-FBDFF
Yes,3428-XZMAZ
No,1100-DDVRV
Yes,4355-HBJHH
No,6728-WYQBC
No,7216-KAOID
Yes,0318-QUUOB
No,5339-TJFEK
No,5827-MWCZK
No,5914-XRFQB
No,4329-YPDDQ
No,4804-NCPET
Yes,3750-CKVKH
No,5944-UGLLK
No,7787-BNTZM
No,2252-ISRNH
Yes,4877-EVATK
No,8375-KVTHK
No,2697-NQBPF
No,3709-OIJEA
No,1386-ZIKUV
No,6855-VLGOS
No,8746-OQQRW
No,3181-MIZBN
No,5650-YLIBA
No,9084-OAYKL
No,6122-LJADA
No,7524-VRLPL
No,2432-TFSMK
No,4929-ROART
No,1741-WTPON
No,3932-IJWDZ
No,3594-KADLU
No,8065-BVEPF
No,3796-ENZGF
No,2853-CWQFQ
No,0813-TAXXS
No,2519-TWKFS
Yes,2889-FPWRM
No,4732-RRJZC
No,4338-EYCER
No,6350-XFYGW
Yes,4290-BSXUX
No,8513-OLYGY
No,8705-DWKTI
No,8755-IWJHN
Yes,0325-XBFAC
No,3680-CTHUH
No,1852-XEMDW
Yes,2462-XIIJB
No,1269-FOYWN
No,9470-YFUYI
No,7402-EYFXX
Yes,1853-UDXBW
Yes,5458-CQJTA
No,1230-QAJDW
No,5701-ZIKJE
No,7396-VJUZB
No,9717-QEBGU
No,5172-RKOCB
No,6743-HHQPF
No,4018-KJYUY
No,8701-DGLVH
No,8082-GHXOP
No,0980-FEXWF
Yes,7486-KSRVI
No,3011-WQKSZ
Yes,8443-WVPSS
No,1986-PHGZF
Yes,9965-YOKZB
No,9360-OMDZZ
Yes,6305-YLBMM
Yes,3647-GMGDH
No,7036-ZZKBD
No,0463-TXOAK
No,0594-UFTUL
No,0129-KPTWJ
No,5956-YHHRX
No,6008-NAIXK
Yes,2956-GGUCQ
No,1928-BXYIV
No,5760-FXFVO
No,0961-ZWLVI
No,5871-DGTXZ
No,7550-WIQVA
No,7544-ZVIKX
No,9356-AXGMP
Yes,0362-ZBZWJ
No,8979-CAMGB
Yes,4211-MMAZN
Yes,4274-OWWYO
Yes,1541-ETJZO
No,3154-HMWUU
No,6119-SPUDB
No,7813-ZGGAW
No,8748-HFWBO
No,1319-YLZJG
Yes,4106-HADHQ
No,0723-FDLAY
Yes,2369-UAPKZ
Yes,2778-OCLGR
No,8544-JNBOX
No,6681-ZSEXG
No,6139-ZZRBQ
Yes,0637-KVDLV
No,8884-FEEWR
No,3125-RAHBV
Yes,6633-MPWBS
No,0373-AIVNJ
Yes,8785-EPNCG
No,1682-VCOIO
No,2072-ZVJJX
No,8849-AYPTR
No,9518-IMLHK
Yes,1582-RAFML
Yes,8740-CRYFY
No,3569-VLDHH
No,8224-KDLKN
No,7594-LZNWR
Yes,2962-XPMCQ
No,8727-XDPUD
No,1064-FBXNK
No,3996-ZNWYK
No,2878-DHMIN
Yes,8627-EHGIP
No,7608-RGIRO
No,5895-QSXOD
No,9814-AOUDH
No,6175-IRFIT
Yes,8854-CCVSQ
No,6749-UTDVX
No,9102-OXKFY
No,7808-DVWEP
No,2284-VFLKH
No,0366-NQSHS
No,3892-NXAZG
Yes,9300-AGZNL
No,3717-LNXKW
No,2207-RYYRL
No,6729-FZWSY
Yes,9565-JSNFM
No,8348-JLBUG
Yes,0607-DAAHE
No,9200-NLNPD
No,2664-XJZNO
Yes,9732-KPKBW
No,3339-EAQNV
No,0921-OHLVP
No,0536-ESJEP
No,6478-HRRCZ
No,6857-TKDJV
No,2360-RDGRO
Yes,3070-DVEYC
Yes,5707-ORNDZ
No,0902-XKXPN
No,0056-EPFBG
No,8993-IZEUX
No,8190-ZTQFB
No,7515-LODFU
No,1337-BOZWO
No,0868-VJRDR
No,3950-VPYJB
No,8041-TMEID
No,7321-ZNSLA
No,8727-JQFHV
No,9475-NNDGC
No,0899-LIIBW
No,1384-RCUXW
No,5825-XJOCM
No,6848-YLDFR
Yes,5923-GXUOC
No,7869-ZYDST
No,1215-EXRMO
No,2305-MRGLV
Yes,5233-GEEAX
No,5304-EFJLP
No,4393-RYCRE
No,9746-MDMBK
No,3162-ZJZFU
No,8404-GFGCZ
No,8875-AKBYH
Yes,4432-ADRLB
No,0533-UCAAU
No,3521-MNKLV
No,2533-TIBIX
Yes,7137-RYLPP
No,3720-DBRWL
No,8565-WUXZU
Yes,5281-BUZGT
No,4994-OBRSZ
No,6582-PLFUU
No,8242-PDSGJ
No,5966-EMAZU
No,0440-EKDCF
No,4774-HHGGS
No,2055-BFOCC
No,4298-OYIFC
No,5566-SOEZD
No,4584-LBNMK
Yes,6413-XKKPU
No,9975-SKRNR
No,3703-KBKZP
Yes,1449-XQEMT
Yes,2626-URJFX
No,3682-YEUWS
No,1223-UNPKS
Yes,2612-RRIDN
Yes,4735-ASGMA
Yes,3669-LVWZB
No,5117-IFGPS
No,7379-FNIUJ
Yes,9725-SCPZG
Yes,5884-GCYMI
No,4486-EFAEB
Yes,7480-QNVZJ
No,6954-OOYZZ
No,8313-AFGBW
No,3097-IDVPU
No,9795-VOWON
No,7852-LECYP
Yes,4430-UZIPO
No,4822-LPTYJ
No,8165-CBKXO
No,6527-PZFPV
Yes,8008-HAWED
No,5846-ABOBJ
No,7740-KKCXF
No,5360-XGYAZ
Yes,4816-JBHOV
No,8920-NAVAY
No,5600-PDUJF
Yes,8292-TYSPY
Yes,1867-BDVFH
No,7407-SUJIZ
No,0052-DCKON
No,1261-FWTTE
No,3528-HFRIQ
No,3320-VEOYC
No,2599-CIPQE
No,8774-GSBUN
No,7326-RIGQZ
No,1401-FTHFQ
Yes,3247-ZVOUO
Yes,6101-IMRMM
No,8118-TJAFG
No,3955-JBZZM
No,9909-IDLEK
No,4092-OFQZS
No,1561-BWHIN
Yes,4325-NFSKC
No,9927-DSWDF
No,8149-AIQCG
Yes,7762-URZQH
No,0899-WZRSD
No,3255-GRXMG
No,7354-OIJLX
Yes,3744-ZRRDZ
Yes,5673-TIYIB
No,6551-ZCOTS
No,7191-ADRGF
Yes,4628-WQCQQ
No,1746-TGTWV
No,5995-SNNEW
No,2507-QZPQS
No,7159-NOKYQ
No,5707-ZMDJP
No,8779-YIQQA
No,7074-STDCN
Yes,3705-PSNGL
No,0277-BKSQP
Yes,6502-HCJTI
Yes,2606-RMDHZ
No,2676-SSLTO
No,0363-SVHYR
No,8547-NSBBO
Yes,8258-GSTJK
No,6591-QGOYB
No,7113-HIPFI
Yes,6686-YPGHK
No,6374-AFWOX
Yes,4759-TRPLW
Yes,8563-IIOXK
No,4903-CNOZC
No,4188-FRABG
Yes,8199-ZLLSA
Yes,4625-EWPTF
No,3850-OKINF
Yes,6892-XPFPU
Yes,8010-EZLOU
No,3295-YVUSR
No,8016-NCFVO
No,4119-ZYPZY
No,5549-ZGHFB
No,7577-SWIFR
No,0303-WMMRN
No,3727-OVPRY
No,3797-FKOGQ
No,7622-NXQZR
No,6196-HBOBZ
No,5439-WIKXB
No,8109-YUOHE
No,8092-NLTGF
No,5928-QLDHB
No,0696-UKTOX
No,4801-KFYKL
No,3472-OAOOR
Yes,8062-YBDOE
No,2252-JHJGE
Yes,6000-APYLU
No,7105-BENQF
No,9507-HSMMZ
No,2480-SQIOB
Yes,3672-YITQD
Yes,9048-JVYVF
No,5727-MYATE
No,3823-KYNQY
No,1028-FFNJK
No,6907-FLBER
No,3001-UNBTL
No,3507-GASNP
Yes,1902-XBTFB
No,1676-MQAOA
No,6202-JVYEU
No,8591-TKMZH
No,0734-OXWBT
No,4282-ACRXS
No,7349-ALMUX
No,1841-YSJGV
Yes,2794-XIMMO
No,3511-BFTJW
No,2923-ARZLG
No,3976-NLDEZ
No,1241-EZFMJ
No,5376-PCKNB
No,8044-BGWPI
No,4060-LDNLU
No,3589-PPVKW
No,5887-IKKYO
Yes,1075-BGWOH
No,1755-RMCXH
No,4299-SIMNS
No,7025-IWFHT
No,2056-EVGZL
No,7753-USQYQ
Yes,5366-IJEQJ
No,7661-CPURM
No,5115-GZDEL
No,3338-CVVEH
No,2615-YVMYX
No,2851-STERV
No,4393-GEADV
Yes,1527-SXDPN
Yes,6029-WTIPC
Yes,8634-CILSZ
No,5419-JKZNQ
No,1409-PHXTF
No,9591-YVTEB
No,9309-BZGNT
No,2027-DNKIV
No,8075-GXIUB
No,2885-HIJDH
No,5424-RLQLC
Yes,6682-QJDGB
No,6507-DTJZV
Yes,9530-EHPOH
No,2725-IWWBA
No,0394-YONDK
Yes,3235-ETOOB
No,9708-KFDBY
No,0756-MPZRL
No,2242-MFOTG
Yes,2082-OJVTK
No,9839-ETQOE
No,6078-VESFR
Yes,5940-NFXKV
No,1941-HOSAM
No,6171-ZTVYB
Yes,9564-KCLHR
No,1935-IMVBB
Yes,2082-CEFLT
No,1470-PSXNM
No,5338-YHWYT
No,7901-IIDQV
No,2690-DVRVK
Yes,5688-KZTSN
Yes,5747-PMBSQ
No,5583-EJXRD
No,9441-QHEVC
No,6705-LNMDD
No,3370-GQEAL
No,6283-GITPX
Yes,9526-JAWYF
No,0771-CHWSK
No,9788-HNGUT
No,9495-REDIY
No,5375-XLDOF
No,1172-VIYBP
No,6559-PDZLR
No,8992-OBVDG
No,4724-WXVWF
No,1460-UZPRJ
No,6082-GLJIX
Yes,4919-IKATY
No,0485-ZBSLN
No,3810-PJUHR
Yes,9050-QLROH
No,0847-HGRML
No,0112-QAWRZ
No,4043-MKDTV
No,9229-RQABD
No,8313-KTIHG
Yes,9689-PTNPG
Yes,9465-RWMXL
No,6229-UOLQL
Yes,2362-IBOOY
Yes,0843-WTBXE
No,6143-JQKEA
No,8676-OOQEJ
Yes,5515-IDEJJ
Yes,7450-NWRTR
No,2162-FRZAA
Yes,2379-ENZGV
No,3936-QQFLL
No,5124-EOGYE
No,4097-YODCF
No,9715-WZCLW
No,3733-UOCWF
Yes,2722-VOJQL
No,9715-SBVSU
No,8490-BXHEO
No,7929-SKFGK
No,3563-SVYLG
Yes,5228-EXCET
No,6435-VWCCY
No,8630-QSGXK
Yes,6331-LWDTQ
No,7879-CGSFV
No,9921-EZKBY
Yes,0727-IWKVK
Yes,5959-BELXA
No,7109-MFBYV
No,1833-TCXKK
No,1832-PEUTS
Yes,6141-OOXUQ
No,5696-CEIQJ
Yes,7503-ZGUZJ
No,4012-YCFAI
Yes,2207-OBZNX
No,6551-VLJMV
No,9289-LBQVU
No,3458-IDMFK
No,0221-NAUXK
No,6538-POCHL
No,4277-UDIEF
No,1208-NBVFH
Yes,1114-CENIM
No,3374-TTZTK
Yes,8473-VUVJN
Yes,6289-CPNLD
No,4419-UJMUS
No,7794-JASDG
No,7609-YBPXG
No,5519-TEEUH
No,7856-GANIL
No,2676-OXPPQ
No,3703-TTEPD
Yes,2696-NARTR
No,2208-NKVVH
Yes,7614-QVWQL
Yes,4631-OACRM
No,7139-JZFVG
No,4987-GQWPO
Yes,3755-JBMNH
No,1757-TCATG
Yes,6345-ULYRW
No,8048-DSDFQ
No,6010-DDPPW
No,6693-FRIRW
No,6586-MYGKD
Yes,6923-EFPNL
No,7472-EQOAV
Yes,9574-RKJIF
No,2043-WVTQJ
No,3863-QSTYI
No,1716-LSAMB
No,6546-OPBBH
No,9127-QRZMH
No,5919-VCZYM
No,2137-DQMEV
No,7964-VEXDG
Yes,0778-NELLA
No,8029-XYPWT
No,4632-PAOYU
Yes,9572-MTILT
No,7658-UYUQS
No,7880-XSOJX
No,4589-IUAJB
No,8746-BFOAJ
No,8457-XIGKN
No,6072-NUQCB
Yes,6629-CZTTH
Yes,5364-EVNIB
No,1346-PJWTK
No,5088-QZLRL
No,3057-VJJQE
No,2302-OUZXB
No,9107-UKCKY
No,4654-ULTTN
No,1492-KGETH
No,4163-HFTUK
No,8859-YSTWS
Yes,5271-YNWVR
Yes,6330-JKLPC
Yes,4667-OHGKG
Yes,1660-HSOOQ
No,0487-VVUVK
Yes,7228-OMTPN
No,5063-IUOKK
No,4508-OEBEY
Yes,6284-AHOOQ
Yes,2344-JMOGN
Yes,3799-ISUZQ
No,9152-AMKAK
No,9432-VOFYX
No,8049-WJCLQ
No,6586-PSJOX
Yes,4818-DRBQT
No,3301-VKTGC
Yes,1493-AMTIE
No,0816-TSPHQ
No,9932-WBWIK
No,5286-YHCVC
Yes,4391-RESHN
No,9115-YQHGA
No,4462-CYWMH
No,9334-GWGOW
Yes,5028-HTLJB
No,6542-LWGXJ
No,5567-GZKQY
No,1222-LRYKO
Yes,0601-WZHJF
No,4423-JWZJN
Yes,5143-WMWOG
No,6490-FGZAT
Yes,5393-RXQSZ
No,7452-FOLON
Yes,0231-LXVAP
Yes,9444-JTXHZ
No,4942-VZZOM
Yes,5510-BOIUJ
No,6047-SUHPR
No,1576-PFZIW
No,5666-MBJPT
No,7312-XSBAT
No,3096-GKWEB
No,2371-JQHZZ
No,0674-GCDXG
No,4396-KLSEH
No,6345-HOVES
No,8318-LCNBW
No,1217-VASWC
No,6260-XLACS
No,4983-CCWMC
No,9103-CXVOK
No,2896-TBNBE
Yes,5229-PRWKT
No,4475-NVTLU
Yes,4369-HTUIF
No,9386-LDCZR
No,9585-KKMFD
No,5399-ZIMKF
No,0336-KXKFK
No,5619-XZZKR
No,3948-FVVRP
No,5327-XOKKY
Yes,0156-FVPTA
Yes,0654-HMSHN
No,6719-OXYBR
No,3312-ZWLGF
Yes,5287-QWLKY
No,0795-XCCTE
No,3785-NRHYR
No,8050-DVOJX
Yes,0363-QJVFX
No,8903-XEBGX
No,8169-SAEJD
Yes,9840-DVNDC
No,7824-PANSQ
Yes,8042-JVNFH
No,7167-PCEYD
No,1580-BMCMR
No,6408-WHTEF
No,8749-CLJXC
No,7989-VCQOH
Yes,5049-GLYVG
No,4199-QHJNM
No,8882-TLVRW
Yes,5883-GTGVD
No,5135-GRQJV
No,1371-WEPDS
No,9730-DRTMJ
No,7480-SPLEF
No,7636-XUHWW
No,5937-EORGB
No,5847-MXBEO
No,4583-PARNH
No,1421-HCERK
No,0716-BQNDX
No,8679-LZBMD
No,8645-KOMJQ
No,9761-XUJWD
No,4057-FKCZK
No,4291-TPNFG
No,6087-YPWHO
No,1722-LDZJS
No,0506-YLVKJ
No,7233-DRTRF
No,3873-NFTGI
No,1162-ECVII
No,7048-GXDAY
No,1169-WCVAK
No,8695-ARGXZ
Yes,4143-OOBWZ
No,1697-NVVGY
No,8464-EETCQ
No,2419-FSORS
No,6754-LZUKA
Yes,3422-LYEPQ
No,8099-MZPUJ
No,0787-LHDYT
Yes,2642-DTVCO
Yes,4361-JEIVL
No,3197-NNYNB
No,1752-OZXFY
No,5321-NTRKC
Yes,1363-TXLSL
No,3161-GETRM
No,6933-VLYFX
No,6754-WKSHP
Yes,6017-PPLPX
No,4976-LNFVV
No,2862-JVEOY
No,9822-BIIGN
No,2077-MPJQO
Yes,7136-RVDTZ
No,1480-IVEVR
No,9958-MEKUC
No,0281-CNTZX
Yes,6927-WTFIV
Yes,3398-ZOUAA
No,9114-VEPUF
No,9631-RXVJM
No,7526-IVLYU
No,2428-HYUNX
Yes,0568-ONFPC
Yes,0733-VUNUW
No,8909-BOLNL
No,6603-YRDCJ
Yes,3538-WZPHD
Yes,4785-QRJHC
No,0269-XFESX
No,4316-XCSLJ
No,9693-XMUOB
Yes,4905-JEFDW
No,2709-UQGNP
No,3549-ZTMNH
Yes,7881-INRLC
No,1635-NZATJ
No,0562-HKHML
No,9943-VSZUV
Yes,0117-LFRMW
Yes,6172-FECYY
No,1455-HFBXA
No,1628-BIZYP
No,0082-LDZUE
Yes,4786-UKSNZ
No,0856-NAOES
No,1976-AZZPJ
No,3099-OONVS
No,9500-WBGRP
No,5144-PQCDZ
No,8514-VZHEB
No,6625-IUTTT
No,5965-GGPRW
No,2236-HILPA
No,1840-BIUOG
No,1356-MKYSK
No,6080-LNESI
No,5828-DWPIL
Yes,0011-IGKFF
Yes,4192-GORJT
Yes,6496-SLWHQ
No,2931-FSOHN
No,9971-ZWPBF
No,4712-AUQZO
No,9711-FJTBX
Yes,2202-CUYXZ
Yes,5995-OIGLP
No,1414-YADCW
No,2862-PFNIK
No,6888-SBYAI
No,7395-XWZOY
No,7169-YWAMK
Yes,6877-LGWXO
No,6859-RKMZJ
No,3842-QTGDL
No,7163-OCEQI
No,5975-BAICR
Yes,8019-ENHXU
Yes,5167-GBFRE
No,4853-OITSN
No,9800-OUIGR
No,2324-EFHVG
No,7094-MSZAO
Yes,1522-VVDMG
No,6907-CQGPN
No,0780-XNZFN
No,2675-IJRGJ
No,3721-CNZHX
Yes,9185-TQCVP
No,5271-DBYSJ
No,6828-HMKWP
Yes,5567-WSELE
No,1472-TNCWL
Yes,8063-RJYNF
Yes,0687-ZVTHB
No,2080-GKCWQ
No,2193-SFWQW
No,5656-JAMLX
No,0442-TDYUO
No,6733-LRIZX
No,9503-XJUME
Yes,3727-RJMEO
No,3915-ODIYG
No,1360-RCYRT
No,2724-FJDYW
No,4451-RWASJ
Yes,6646-VRFOL
No,3460-TJBWI
Yes,4250-ZBWLV
No,4482-FTFFX
No,8859-DZTGQ
No,4896-CPRPF
Yes,1871-MOWRM
No,9714-EDSUC
Yes,9090-SGQXL
Yes,6595-YGXIT
Yes,9835-ZIITK
No,7537-CBQUZ
Yes,5649-TJHOV
Yes,6338-AVWCY
No,0708-LGSMF
Yes,9253-QXKBE
No,0487-RPVUM
No,4079-ULGFR
No,4003-FUSHP
No,0356-ERHVT
Yes,7568-PODML
No,4458-KVRBJ
Yes,5349-IECLD
No,1397-XKKWR
No,8097-OMULG
No,6013-BHCAW
No,0401-WDBXM
Yes,3797-VTIDR
Yes,9526-BIHHD
No,8757-TFHHJ
No,1468-DEFNC
No,5119-KEPFY
No,0916-KNFAJ
No,8319-QBEHW
No,9625-QNLUX
Yes,3097-NQYSN
No,7493-GVFIO
No,0690-SRQID
No,9114-DPSIA
No,4700-UBQMV
No,8573-CGOCC
Yes,5493-SDRDQ
No,6286-SUUWT
No,4819-HJPIW
No,1228-ZLNBX
No,4226-KKDON
No,3308-DGHKL
No,9924-JPRMC
No,6218-KNUBD
No,0623-EJQEG
Yes,0871-URUWO
Yes,9190-MFJLN
No,4132-POCZS
No,9638-JIQYA
No,3258-SANFR
No,3726-TBHQT
No,4833-QTJNO
No,3039-MJSLN
Yes,5385-SUIRI
No,5774-QPLTF
No,2322-VCZHZ
No,5222-IMUKT
No,6685-XSHHU
Yes,4903-UYAVB
Yes,6776-TLWOI
No,3845-FXCYS
No,4343-EJVQB
No,7779-ORAEL
No,0644-OQMDK
No,3154-CFSZG
Yes,2868-MZAGQ
Yes,6379-RXJRQ
No,2378-HTWFW
Yes,8650-RHRKE
No,4377-VDHYI
Yes,0475-RIJEP
Yes,1260-TTRXI
No,4937-QPZPO
No,2925-VDZHY
No,6981-TDRFT
No,3413-CSSTH
No,8033-VCZGH
Yes,4789-KWMXN
No,0224-NIJLP
No,7542-CYDDM
No,4718-WXBGI
Yes,2867-UIMSS
Yes,8111-RKSPX
No,2988-QRAJY
Yes,1585-MQSSU
No,0071-NDAFP
Yes,2856-NNASM
Yes,8559-CIZFV
No,3058-WQDRE
Yes,7547-EKNFS
No,2279-AXJJK
Yes,6769-DYBQN
No,0909-SELIE
No,3417-TSCIC
No,6537-OTKMY
No,6725-TPKJO
No,7162-WPHPM
No,1599-MMYRQ
No,6434-TTGJP
No,0042-JVWOJ
No,0130-SXOUN
No,2330-PQGDQ
No,1452-UZOSF
No,2097-YVPKN
Yes,2842-JTCCU
No,8597-CTXVJ
No,6631-HMANX
No,6394-HHHZM
No,5995-LFTLE
Yes,5180-UCIIQ
No,1932-UEDCX
Yes,7153-OANIO
No,5188-HGMLP
No,0665-XHDJU
Yes,6521-YYTYI
Yes,8878-HMWBV
No,5331-RGMTT
No,7054-DMVAS
No,3428-MMGUB
No,7823-JSOAG
No,9074-KGVOX
No,4476-OSWTN
No,2661-GKBTK
No,7268-WNTCP
No,2578-JQPHZ
Yes,5813-UECBU
No,6726-WEXXK
No,4636-OLWOE
No,4685-ERGHK
No,0885-HMGPY
Yes,4195-SMMNX
No,7435-ZNUYY
No,1354-YZFNB
No,2812-ENYMO
Yes,3223-WZWJM
No,3422-GALYP
Yes,9053-JZFKV
No,0327-WFZSY
No,7977-HXJKU
Yes,6615-ZGEDR
No,7356-IWLFW
No,0186-CAERR
Yes,7055-VKGDA
Yes,0754-UKWQP
No,8946-BFWSG
Yes,7493-TPUWZ
No,0547-HURJB
No,8904-OPDCK
No,3736-BLEPA
No,1929-ZCBHE
No,4378-MYPGO
No,8647-SDTWQ
No,2081-KJSQF
Yes,7623-TRNQN
No,3323-CPBWR
No,3384-CTMSF
No,0902-RFHOF
Yes,9661-MHUMO
No,7718-RXDGG
No,3407-QGWLG
Yes,1842-EZJMK
No,2347-WKKAE
No,8735-DCXNF
No,3587-PMCOY
Yes,8079-XRJRS
No,7148-XZPHA
No,9717-IOAAF
Yes,8884-ADFVN
No,0848-SOMKO
Yes,2720-WGKHP
No,6734-FQAJX
No,6368-TZZDT
No,0943-ZQPXH
No,1302-TPUBN
Yes,7851-FLGGQ
Yes,0637-UBJRP
Yes,0940-OUQEC
No,2378-VTKDH
No,0927-CNGRH
No,8608-OZTLB
No,2335-GSODA
Yes,0702-PGIBZ
No,6656-GULJQ
No,6994-FGRHH
No,4000-VGMQP
No,3466-RITXD
Yes,3058-HJCUY
No,7994-XIRTR
Yes,3259-FDWOY
No,3258-ZKPAI
No,1428-IEDPR
Yes,5748-RNCJT
No,3653-NCRDJ
No,5119-NZPTV
No,3472-QPRCH
No,9610-WCESF
No,2486-WYVVE
No,3865-ZYKAD
No,1422-DGUBX
No,8668-KNZTI
No,9746-YKGXB
No,6000-UKLWI
No,6332-FBZRI
No,3266-FTKHB
No,8221-EQDGL
Yes,6608-QQLVK
No,0298-XACET
Yes,3551-HUAZH
Yes,6302-JGYRJ
No,5339-PXDVH
No,2205-LPVGL
No,8782-NUUOL
Yes,3685-YLCMQ
No,7601-WFVZV
No,4868-AADLV
No,9529-OFXHY
Yes,8634-MPHTR
No,2478-EEWWM
No,2233-TXSIU
No,9644-UMGQA
No,3256-EZDBI
Yes,8761-NSOBC
No,0419-YAAPX
Yes,8413-VONUO
No,0872-CASZJ
No,4726-DLWQN
No,3094-JOJAI
No,9494-MRNYX
No,2599-CZABP
No,7945-PRBVF
No,4544-RXFMG
No,0859-YGKFW
No,1177-XZBJL
No,3518-FSTWG
Yes,5419-JPRRN
No,3644-QXEHN
No,2911-IJORQ
No,5921-NGYRH
Yes,9318-NKNFC
No,3985-HOYPM
No,9548-LERKT
No,6576-FBXOJ
Yes,7254-IQWOZ
Yes,2474-BRUCM
No,4062-HBMOS
No,2676-ISHSF
No,7781-EWARA
Yes,6110-OHIHY
No,7018-FPXHH
Yes,0616-ATFGB
No,1353-LJWEM
No,1794-SWWKL
No,6166-YIPFO
Yes,6876-ADESB
Yes,1963-SVUCV
No,4184-VODJZ
Yes,0220-EBGCE
Yes,2754-VDLTR
No,2400-FEQME
Yes,3190-XFANI
Yes,7551-DACSP
No,4957-SREEC
Yes,7235-NXZCP
No,0230-UBYPQ
No,1104-TNLZA
Yes,0520-FDVVT
No,3439-GVUSX
Yes,1444-VVSGW
Yes,5712-PTIWW
Yes,3315-TOTBP
No,9828-QHFBK
No,3908-MKIMJ
No,5012-YSPJJ
Yes,1309-BXVOQ
No,8969-PRHFK
Yes,4488-PSYCG
No,9801-NOSHQ
No,6339-YPSAH
Yes,6906-ANDWJ
No,2159-TURXX
No,1548-FEHVL
No,3795-CAWEX
No,6215-NQCPY
No,5647-URDKA
No,6258-PVZWJ
No,6953-PBDIN
No,3938-YFPXD
No,7426-GSWPO
Yes,5832-XKAES
No,3205-MXZRA
Yes,4701-AHWMW
No,8317-BVKSO
No,5702-KVQRD
No,0083-PIVIK
No,4909-JOUPP
No,2257-BOVXD
No,7729-JTEEC
Yes,7632-MNYOY
Yes,7242-QZLXF
Yes,4576-CSAJH
Yes,1000-AJSLD
No,9696-RMYBA
No,8690-UPCZI
Yes,1062-LHZOD
No,4086-WITJG
No,8344-WFMFH
Yes,9600-NAXZN
No,8404-FYDIB
Yes,6457-USBER
Yes,4662-EKDPQ
Yes,9248-OJYKK
No,9888-ZCUMM
Yes,3319-DWOEP
No,1226-IENZN
No,2108-GLPQB
No,5474-LAMUQ
No,1122-YJBCS
No,4990-ALDGW
No,4816-OKWNX
No,3315-IKYZQ
No,4747-LCAQL
No,0898-XCGTF
No,8249-THVEC
No,4020-KIUDI
No,0827-ITJPH
No,4779-ZGICK
Yes,0818-OCPZO
No,3967-KXAPS
Yes,1447-GIQMR
No,1395-OFUWC
No,2346-CZYIL
No,6258-NGCNG
No,3978-YNKDD
Yes,1389-CXMLU
No,9589-ABEPT
No,9388-ZEYVT
No,4670-TABXH
No,5161-XEUVX
No,4526-RMTLL
No,4566-NECEV
No,6906-MPARY
No,8107-RZLNV
No,0516-OOHAR
No,2027-CWDNU
No,3733-ZEECP
No,7103-IPXPJ
No,1785-BPHTP
No,4989-LIXVT
No,7315-WYOAW
Yes,3768-NLUBH
Yes,8676-TRMJS
No,2509-TFPJU
No,9530-GRMJG
No,2068-WWXQZ
No,2256-YLYLP
No,1272-ILHFG
No,4011-ARPHK
Yes,8182-PNAGI
No,7558-IMLMT
No,3590-TCXTB
No,6994-KERXL
No,1960-UOTYM
No,2740-JFBOK
No,6500-JVEGC
No,8469-SNFFH
No,2144-ESWKO
No,1241-FPMOF
No,2775-SEFEE
No,9003-CPATH
No,1754-GKYPY
Yes,5294-CDGWY
No,7956-XQWGU
No,1591-MQJTP
Yes,5295-PCJOO
No,2369-FEVNO
Yes,9863-JZAIC
No,7471-MQPOS
No,9845-QOMAD
No,7672-VFMXZ
No,9916-AYHTC
No,1488-SYSFC
Yes,7931-PXHFC
Yes,3990-QYKBE
No,3259-KNMRR
No,9572-WUKSB
No,0076-LVEPS
No,3640-JQGJG
Yes,4919-MOAVT
Yes,3090-HAWSU
No,3174-RKMOW
No,1760-CAZHT
Yes,5204-QZXPU
Yes,4597-ELFTS
No,1320-GVNHT
No,1047-RNXZV
Yes,8450-JOVAH
No,8725-JEDFD
No,5681-LLOEI
No,8212-DJRCH
No,2030-BTZRO
No,1116-DXXDF
Yes,9274-CNFMO
Yes,7758-XKCBS
Yes,8992-JQYUN
No,0270-THENM
Yes,2446-PLQVO
No,4707-MAXGU
Yes,3005-NFMTA
Yes,5389-FFVKB
No,5022-KVDQT
No,7976-CICYS
No,1036-GUDCL
No,8148-WOCMK
No,7815-PDTHL
Yes,9451-LPGOO
No,7964-ZRKKG
Yes,5868-YWPDW
No,6229-LSCKB
Yes,2025-JKFWI
No,1724-IQWNM
No,8217-QYOHV
No,5546-QUERU
No,6897-UUBNU
No,6127-IYJOZ
No,5060-TQUQN
No,0531-XBKMM
No,8465-SBRXP
No,2408-PSJVE
No,9700-ZCLOT
No,1930-WNXSB
Yes,0295-PPHDO
No,5146-YYFRZ
Yes,1195-OIYEJ
No,3452-SRFEG
Yes,7384-GHBPI
Yes,7603-USHJS
No,7952-OBOYL
No,7470-DYNOE
Yes,1400-MMYXY
No,5126-RCXYW
No,2363-BJLSL
No,1956-YIFGE
Yes,3926-CUQZX
No,7921-LMDFQ
No,9609-BENEA
No,4459-BBGHE
Yes,1750-CSKKM
No,0530-IJVDB
No,2215-ZAFGX
Yes,7142-HVGBG
No,7242-EDTYC
No,5136-GFPMB
No,2595-KIWPV
No,5243-SAOTC
No,9398-MMQTO
Yes,6457-GIRWB
No,6508-NJYRO
No,4710-NKCAW
No,5306-BVTKJ
No,2371-KFUOG
No,0463-ZSDNT
Yes,6502-MJQAE
No,6257-DTAYD
Yes,7693-LCKZL
No,2758-RNWXS
No,3454-JFUBC
No,9039-ZVJDC
Yes,6797-LNAQX
No,2898-MRKPI
No,3648-GZPHF
No,9588-YRFHY
No,9364-YKUVW
No,2451-YMUXS
No,3914-FDRHP
No,9547-ITEFG
No,6598-KELSS
Yes,8739-WWKDU
Yes,4745-LSPLO
Yes,8083-YTZES
No,2843-CQMEG
No,5351-QESIO
Yes,0786-VSSUD
No,6447-GORXK
No,6967-PEJLL
No,0376-OIWME
No,0218-QNVAS
No,7164-BPTUT
Yes,2108-XWMPY
Yes,6304-IJFSQ
No,4501-VCPFK
No,6075-SLNIL
No,9347-AERRL
Yes,0093-XWZFY
No,2274-XUATA
Yes,7703-ZEKEF
No,9053-EJUNL
No,0666-UXTJO
Yes,1122-JWTJW
No,9837-FWLCH
Yes,1699-HPSBG
No,7203-OYKCT
No,7398-LXGYX
No,0550-DCXLH
No,3605-JISKB
Yes,6894-LFHLY
No,9767-FFLEM
No,8456-QDAVC
No,6840-RESVB
Yes,8361-LTMKD
No,3186-AJIEK
